course name,duration,rating,advantage,course link
Understanding Placement Groups4.61 hrsCompletion Certificate,1 hrs,4.6,Completion Certificate,https://www.simplilearn.com/free-aws-placement-groups-course-skillup
Introduction to AWS Inferentia and Amazon EC2 Inf1 Instances4.61 hrsCompletion Certificate,1 hrs,4.6,Completion Certificate,https://www.simplilearn.com/free-aws-inferentia-course-skillup
AWS Application Migration Service (AWS MGN) â A Technical Introduction4.31 hrsCompletion Certificate,1 hrs,4.3,Completion Certificate,https://www.simplilearn.com/free-aws-application-migration-service-course-skillup
AWS Technical Essentials4.51.5K Learners1 hrsCompletion Certificate,1 hrs,4.5,Completion Certificate,https://www.simplilearn.com/free-aws-technical-essentials-course-skillup
Getting Started with Gateway Load Balancer3.31 hrsCompletion Certificate,1 hrs,3.3,Completion Certificate,https://www.simplilearn.com/free-gateway-load-balancer-course-skillup
Getting Started with Amazon Timestream5.01 hrsCompletion Certificate,1 hrs,5.0,Completion Certificate,https://www.simplilearn.com/free-amazon-timestream-course-skillup
AWS Compute Services Overview3.51 hrsCompletion Certificate,1 hrs,3.5,Completion Certificate,https://www.simplilearn.com/free-aws-compute-services-course-skillup
"Gemini in Google Drive4.51.5K Learners1 hrsCompletion CertificateEarn up to $131,759",1 hrs,4.5,"Completion CertificateEarn up to $131,759",https://www.simplilearn.com/free-gemini-in-google-drive-course-skillup
SAP on AWS (Technical)5.02.5K Learners1 hrsCompletion Certificate,1 hrs,5.0,Completion Certificate,https://www.simplilearn.com/free-sap-on-aws-course-skillup
Deep Dive on Container Security4.51 hrsCompletion Certificate,1 hrs,4.5,Completion Certificate,https://www.simplilearn.com/free-container-security-course-skillup
Getting Started with AWS Audit Manager4.51 hrsCompletion Certificate,1 hrs,4.5,Completion Certificate,https://www.simplilearn.com/free-aws-audit-manager-course-skillup
Getting Started with Application Load Balancer4.21 hrsCompletion Certificate,1 hrs,4.2,Completion Certificate,https://www.simplilearn.com/free-application-load-balancer-course-skillup
Introduction to AWS Solutions4.61 hrsCompletion Certificate,1 hrs,4.6,Completion Certificate,https://www.simplilearn.com/free-aws-solutions-course-skillup
Getting Started with Amazon ElastiCache4.01 hrsCompletion Certificate,1 hrs,4.0,Completion Certificate,https://www.simplilearn.com/free-amazon-elasticache-course-skillup
Getting Started with Amazon DocumentDB (with MongoDB compatibility)4.31 hrsCompletion Certificate,1 hrs,4.3,Completion Certificate,https://www.simplilearn.com/free-amazon-documentdb-with-mongodb-course-skillup
Introduction to the AWS Cloud Adoption Framework (CAF)4.61 hrsCompletion Certificate,1 hrs,4.6,Completion Certificate,https://www.simplilearn.com/aws-cloud-adoption-framework-free-course-skillup
"AWS Billing and Cost Management4.41 hrsCompletion CertificateEarn up to $187,905",1 hrs,4.4,"Completion CertificateEarn up to $187,905",https://www.simplilearn.com/free-aws-billing-course-skillup
"Gemini in Google Docs4.51 hrsCompletion CertificateEarn up to $121,769",1 hrs,4.5,"Completion CertificateEarn up to $121,769",https://www.simplilearn.com/free-gemini-in-google-docs-course-skillup
"Gemini in Google Meet4.51.5K Learners1 hrsCompletion CertificateEarn up to $121,769",1 hrs,4.5,"Completion CertificateEarn up to $121,769",https://www.simplilearn.com/free-gemini-in-google-meet-course-skillup
"Gemini in Google Sheets4.51 hrsCompletion CertificateEarn up to $121,769",1 hrs,4.5,"Completion CertificateEarn up to $121,769",https://www.simplilearn.com/free-gemini-in-google-sheets-course-skillup
"Gemini in Google Slides4.61 hrsCompletion CertificateEarn up to $121,769",1 hrs,4.6,"Completion CertificateEarn up to $121,769",https://www.simplilearn.com/free-gemini-in-google-slides-course-skillup
"Introduction to Gemini for Google Workspace4.51 hrsCompletion CertificateEarn up to $121,769",1 hrs,4.5,"Completion CertificateEarn up to $121,769",https://www.simplilearn.com/free-gemini-in-google-workspace-course-skillup
"Gemini in Gmail4.41 hrsCompletion CertificateEarn up to $121,769",1 hrs,4.4,"Completion CertificateEarn up to $121,769",https://www.simplilearn.com/free-gemini-in-gmail-course-skillup
"Scaling with Google Cloud Operations4.51 hrsCompletion CertificateEarn up to $187,463",1 hrs,4.5,"Completion CertificateEarn up to $187,463",https://www.simplilearn.com/free-google-cloud-operations-course-skillup
"Modernize Infrastructure and Applications with Google Cloud4.61 hrsCompletion CertificateEarn up to $187,463",1 hrs,4.6,"Completion CertificateEarn up to $187,463",https://www.simplilearn.com/free-google-cloud-application-modernization-course-skillup
"Exploring Data Transformation with Google Cloud4.51 hrsCompletion CertificateEarn up to $121,265",1 hrs,4.5,"Completion CertificateEarn up to $121,265",https://www.simplilearn.com/free-google-data-transformation-course-skillup
"Trust and Security with Google Cloud4.61 hrsCompletion CertificateEarn up to $180,000",1 hrs,4.6,"Completion CertificateEarn up to $180,000",https://www.simplilearn.com/free-trust-and-security-with-google-cloud-course-skillup
"Innovating with Google Cloud Artificial Intelligence4.62.5K Learners1 hrsCompletion CertificateEarn up to $255,784",1 hrs,4.6,"Completion CertificateEarn up to $255,784",https://www.simplilearn.com/free-google-cloud-ai-innovation-course-skillup
"Responsible AI: Applying AI Principles with Google Cloud4.61.5K Learners2 hrsCompletion CertificateEarn up to $251,719",2 hrs,4.6,"Completion CertificateEarn up to $251,719",https://www.simplilearn.com/free-google-cloud-responsible-ai-course-skillup
"Introduction to Generative AI Studio4.514.5K Learners1 hrsCompletion CertificateEarn up to $246,858",1 hrs,4.5,"Completion CertificateEarn up to $246,858",https://www.simplilearn.com/free-generative-ai-studio-course-skillup
"Transformer Models and BERT Model4.51 hrsCompletion CertificateEarn up to $201,500",1 hrs,4.5,"Completion CertificateEarn up to $201,500",https://www.simplilearn.com/free-transformer-bert-model-course-skillup
"Attention Mechanism4.51 hrsCompletion CertificateEarn up to $201,500",1 hrs,4.5,"Completion CertificateEarn up to $201,500",https://www.simplilearn.com/free-attention-mechanism-course-skillup
Machine Learning using Python4.5155K Learners7 hrsCompletion CertificateEarn up to $205K,7 hrs,4.5,Completion CertificateEarn up to $205K,https://www.simplilearn.com/learn-machine-learning-basics-skillup
Introduction to Artificial Intelligence4.5157.5K Learners2 hrsCompletion CertificateEnroll and win rewards,2 hrs,4.5,Completion CertificateEnroll and win rewards,https://www.simplilearn.com/learn-ai-basics-skillup
Deep Learning for Beginners4.627K Learners7 hrsCompletion CertificateEarn up to $154K,7 hrs,4.6,Completion CertificateEarn up to $154K,https://www.simplilearn.com/introduction-to-deep-learning-free-course-skillup
Getting Started with Machine Learning Algorithms4.517.5K Learners6 hrsCompletion Certificate,6 hrs,4.5,Completion Certificate,https://www.simplilearn.com/learn-machine-learning-algorithms-free-course-skillup
Introduction to Neural Network4.53.5K Learners4 hrsCompletion Certificate,4 hrs,4.5,Completion Certificate,https://www.simplilearn.com/neural-network-training-from-scratch-free-course-skillup
TensorFlow for Beginners4.55.5K Learners5 hrsCompletion Certificate,5 hrs,4.5,Completion Certificate,https://www.simplilearn.com/learn-tensorflow-basics-free-course-skillup
Introduction to Machine Learning with R4.58.5K Learners10 hrsCompletion Certificate,10 hrs,4.5,Completion Certificate,https://www.simplilearn.com/free-course-on-machine-learning-with-r-skillup
Image Recognition Basics for Beginners course4.44.5K Learners2 hrsCompletion Certificate,2 hrs,4.4,Completion Certificate,https://www.simplilearn.com/introduction-to-image-recognition-basics-skillup
Introduction to Supervised & Unsupervised Machine Learning4.54.5K Learners6 hrsCompletion Certificate,6 hrs,4.5,Completion Certificate,https://www.simplilearn.com/introduction-to-supervised-unsupervised-learning-for-beginners-skillup
Introduction to Deep Learning with Keras4.53K Learners4 hrsCompletion Certificate,4 hrs,4.5,Completion Certificate,https://www.simplilearn.com/learn-keras-for-beginners-free-course-skillup
Natural Language Processing (NLP) and Text Mining Tutorial for Beginners4.59.5K Learners1 hrsCompletion Certificate,1 hrs,4.5,Completion Certificate,https://www.simplilearn.com/learn-basics-of-natural-language-processing-free-course-skillup
Introduction to Data Mining Course4.55K Learners4 hrsCompletion Certificate,4 hrs,4.5,Completion Certificate,https://www.simplilearn.com/free-introduction-to-data-mining-course-skillup
"Machine Learning for Beginners4.54.5K Learners2 hrsCompletion CertificateEarn up to $240,063",2 hrs,4.5,"Completion CertificateEarn up to $240,063",https://www.simplilearn.com/free-machine-learning-beginners-course-skillup
"Artificial Intelligence Beginners Guide: What is AI?4.512.5K Learners1 hrsCompletion CertificateEarn up to $214,141",1 hrs,4.5,"Completion CertificateEarn up to $214,141",https://www.simplilearn.com/free-ai-program-skillup
"Beginners guide for Deep Learning: What is Deep Learning?4.51 hrsCompletion CertificateEarn up to $260,104",1 hrs,4.5,"Completion CertificateEarn up to $260,104",https://www.simplilearn.com/free-deep-learning-program-skillup
Neural Network 101: Image Recognition using Machine Learning4.61.5K Learners1 hrsCompletion Certificate,1 hrs,4.6,Completion Certificate,https://www.simplilearn.com/free-image-recognition-course-skillup
"Become a Machine Learning Expert: Introduction to MATLAB4.42K Learners2 hrsCompletion CertificateEarn up to $253,055",2 hrs,4.4,"Completion CertificateEarn up to $253,055",https://www.simplilearn.com/free-matlab-online-course-skillup
"Create Image Captioning Models4.42K Learners1 hrsCompletion CertificateEarn up to $246,989",1 hrs,4.4,"Completion CertificateEarn up to $246,989",https://www.simplilearn.com/free-image-captioning-models-course-skillup
"Innovating with Google Cloud Artificial Intelligence4.62.5K Learners1 hrsCompletion CertificateEarn up to $255,784",1 hrs,4.6,"Completion CertificateEarn up to $255,784",https://www.simplilearn.com/free-google-cloud-ai-innovation-course-skillup
"Introduction to GAN4.51 hrsCompletion CertificateEarn up to $251,467",1 hrs,4.5,"Completion CertificateEarn up to $251,467",https://www.simplilearn.com/free-gan-course-skillup
"Gemini in Google Drive4.51.5K Learners1 hrsCompletion CertificateEarn up to $131,759",1 hrs,4.5,"Completion CertificateEarn up to $131,759",https://www.simplilearn.com/free-gemini-in-google-drive-course-skillup
Business Analytics with Excel4.6500K Learners4 hrsCompletion CertificateEarn up to $139KEnroll and win rewards,4 hrs,4.6,Completion CertificateEarn up to $139KEnroll and win rewards,https://www.simplilearn.com/learn-business-analytics-excel-fundamentals-skillup
Introduction to Data Analytics Course4.6277K Learners3 hrsCompletion CertificateEarn up to $139KEnroll and win rewards,3 hrs,4.6,Completion CertificateEarn up to $139KEnroll and win rewards,https://www.simplilearn.com/learn-data-analytics-for-beginners-skillup
"Data Analyst 101: Excel Formulas & Functions4.617.5K Learners2 hrsCompletion CertificateEarn up to $109,534",2 hrs,4.6,"Completion CertificateEarn up to $109,534",https://www.simplilearn.com/free-excel-formulas-function-course-skillup
Business Analytics: Excel Macros & VBA for  Beginners4.48K Learners2 hrsCompletion Certificate,2 hrs,4.4,Completion Certificate,https://www.simplilearn.com/free-excel-macros-vba-course-skillup
Business Intelligence using Excel Basics Tutorial4.64K Learners4 hrsCompletion Certificate,4 hrs,4.6,Completion Certificate,https://www.simplilearn.com/free-business-intelligence-excel-course-skillup
Power BI for Beginners4.5212K Learners6 hrsCompletion Certificate,6 hrs,4.5,Completion Certificate,https://www.simplilearn.com/learn-power-bi-basics-free-course-skillup
Introduction to MS Excel4.6297K Learners7 hrsCompletion Certificate,7 hrs,4.6,Completion Certificate,https://www.simplilearn.com/learn-ms-excel-free-training-course-skillup
Introduction to Data Science4.673.5K Learners7 hrsCompletion CertificateEnroll and win rewards,7 hrs,4.6,Completion CertificateEnroll and win rewards,https://www.simplilearn.com/data-science-free-course-for-beginners-skillup
Python Libraries for Data Science4.528.5K Learners7 hrsCompletion Certificate,7 hrs,4.5,Completion Certificate,https://www.simplilearn.com/learn-python-libraries-free-course-skillup
Business Intelligence Fundamentals4.633K Learners10 hrsCompletion Certificate,10 hrs,4.6,Completion Certificate,https://www.simplilearn.com/free-business-intelligence-course-online-skillup
Introduction to Data Visualization4.626.5K Learners9 hrsCompletion Certificate,9 hrs,4.6,Completion Certificate,https://www.simplilearn.com/free-data-visualization-course-online-skillup
Excel Dashboard for Beginners4.764K Learners2 hrsCompletion CertificateEnroll and win rewards,2 hrs,4.7,Completion CertificateEnroll and win rewards,https://www.simplilearn.com/introduction-to-excel-dashboard-for-beginners-skillup
Power BI Data Modelling Basics Tutorial Course4.410K Learners3 hrsCompletion Certificate,3 hrs,4.4,Completion Certificate,https://www.simplilearn.com/free-power-bi-data-modelling-course-skillup
Excel Automation using ChatGPT: Become an Excel expert with ChatGPT4.39K Learners2 hrsCompletion Certificate,2 hrs,4.3,Completion Certificate,https://www.simplilearn.com/free-chatgpt-whatsapp-automate-course-skillup
CAPMÂ® Certification Training4.652.5K Learners0 hrsCompletion CertificateEarn up to $90K,0 hrs,4.6,Completion CertificateEarn up to $90K,https://www.simplilearn.com/capm-basics-skillup
PMP Basics4.663K Learners9 hrsCompletion Certificate,9 hrs,4.6,Completion Certificate,https://www.simplilearn.com/free-online-pmp-course-for-beginners-skillup
"Project Management 101: PMP certification training4.632.5K Learners2 hrsCompletion CertificateEarn up to $130,975",2 hrs,4.6,"Completion CertificateEarn up to $130,975",https://www.simplilearn.com/free-pmp-beginner-course-skillup
"Introduction to JIRA4.42K Learners1 hrsCompletion CertificateEarn up to $137,574",1 hrs,4.4,"Completion CertificateEarn up to $137,574",https://www.simplilearn.com/free-jira-course-skillup
"Introduction to PRINCE2Â®4.62 hrsCompletion CertificateEarn up to $137,574",2 hrs,4.6,"Completion CertificateEarn up to $137,574",https://www.simplilearn.com/free-prince2-course-skillup
"Introduction to PMI-RMPÂ®4.61 hrsCompletion CertificateEarn up to $137,574",1 hrs,4.6,"Completion CertificateEarn up to $137,574",https://www.simplilearn.com/free-risk-management-course-skillup
"Introduction to Kanban4.51 hrsCompletion CertificateEarn up to $138,546",1 hrs,4.5,"Completion CertificateEarn up to $138,546",https://www.simplilearn.com/free-kanban-certification-course-skillup
"Introduction to Scrumban4.31 hrsCompletion CertificateEarn up to $134,000",1 hrs,4.3,"Completion CertificateEarn up to $134,000",https://www.simplilearn.com/free-scrumban-certification-course-skillup
Introduction to Cyber Security4.6267.5K Learners2 hrsCompletion CertificateEarn up to $113KEnroll and win rewards,2 hrs,4.6,Completion CertificateEarn up to $113KEnroll and win rewards,https://www.simplilearn.com/learn-cyber-security-basics-skillup
Introduction to Cloud Security4.631K Learners7 hrsCompletion CertificateEarn up to $167K,7 hrs,4.6,Completion CertificateEarn up to $167K,https://www.simplilearn.com/learn-cloud-security-basics-skillup
Introduction to Cybercrime4.634K Learners2 hrsCompletion Certificate,2 hrs,4.6,Completion Certificate,https://www.simplilearn.com/free-cybercrime-course-for-beginners-skillup
Introduction to CISSP Security Assessment & Testing and Security Operations4.613.5K Learners4 hrsCompletion Certificate,4 hrs,4.6,Completion Certificate,https://www.simplilearn.com/learn-cissp-security-assessment-testing-operations-skillup
Introduction to Cryptography for Beginners4.511.5K Learners3 hrsCompletion Certificate,3 hrs,4.5,Completion Certificate,https://www.simplilearn.com/learn-cryptography-basics-free-skillup-course
Basics of Ethical Hacking4.521K Learners2 hrsCompletion Certificate,2 hrs,4.5,Completion Certificate,https://www.simplilearn.com/ethical-hacking-course-free-beginners-skillup
"Introduction to ChatGPT for Cybersecurity4.32K Learners1 hrsCompletion CertificateEarn up to $138,999",1 hrs,4.3,"Completion CertificateEarn up to $138,999",https://www.simplilearn.com/free-chatgpt-cybersecurity-course-skillup
"Introduction to Kali Linux Basics4.53.5K Learners2 hrsCompletion CertificateEarn up to $172,211",2 hrs,4.5,"Completion CertificateEarn up to $172,211",https://www.simplilearn.com/free-kali-linux-course-skillup
"Introduction to SAFeÂ®4.61 hrsCompletion CertificateEarn up to $182,900",1 hrs,4.6,"Completion CertificateEarn up to $182,900",https://www.simplilearn.com/free-safe-training-skillup
Agile Scrum Master Basics4.63K Learners5 hrsCompletion CertificateEarn up to $165K,5 hrs,4.6,Completion CertificateEarn up to $165K,https://www.simplilearn.com/free-scrum-master-training-skillup
Agile Scrum Foundation Basics4.61.5K Learners2 hrsCompletion Certificate,2 hrs,4.6,Completion Certificate,https://www.simplilearn.com/free-agile-scrum-foundations-course-skillup
"Introduction to Digital Transformation with Google Cloud4.57K Learners2 hrsCompletion CertificateEarn up to $187,506",2 hrs,4.5,"Completion CertificateEarn up to $187,506",https://www.simplilearn.com/digital-transformation-with-google-cloud-course-skillup
Azure 304 for Beginners Course4.75.5K Learners5 hrsCompletion Certificate,5 hrs,4.7,Completion Certificate,https://www.simplilearn.com/free-azure-304-course-skillup
Azure 303 for Beginners Course4.67 hrsCompletion CertificateEarn up to $210K,7 hrs,4.6,Completion CertificateEarn up to $210K,https://www.simplilearn.com/free-azure-303-course-skillup
Azure Fundamentals4.641.5K Learners6 hrsCompletion CertificateEarn up to $125KEnroll and win rewards,6 hrs,4.6,Completion CertificateEarn up to $125KEnroll and win rewards,https://www.simplilearn.com/learn-azure-basics-free-course-skillup
Introduction to Cloud Computing4.679K Learners2 hrsCompletion CertificateEnroll and win rewards,2 hrs,4.6,Completion CertificateEnroll and win rewards,https://www.simplilearn.com/introduction-to-cloud-computing-basics-skillup
Getting Started with AWS4.627.5K Learners8 hrsCompletion CertificateEarn up to $160K,8 hrs,4.6,Completion CertificateEarn up to $160K,https://www.simplilearn.com/learn-aws-basics-free-training-course-skillup
Introduction to Google Cloud Platform4.514K Learners4 hrsCompletion Certificate,4 hrs,4.5,Completion Certificate,https://www.simplilearn.com/learn-google-cloud-platform-fundamentals-free-course-skillup
Getting Started with AWS Services Fundamentals for Beginners4.612K Learners4 hrsCompletion Certificate,4 hrs,4.6,Completion Certificate,https://www.simplilearn.com/learn-aws-services-basics-free-course-skillup
AWS S3 Tutorial for Beginners4.62K Learners2 hrsCompletion Certificate,2 hrs,4.6,Completion Certificate,https://www.simplilearn.com/free-aws-s3-online-course-skillup
"AWS for Beginners: First step to start your Cloud Computing career4.54K Learners1 hrsCompletion CertificateEarn up to $182,954",1 hrs,4.5,"Completion CertificateEarn up to $182,954",https://www.simplilearn.com/free-aws-basics-beginners-course-skillup
"Getting Started with DevOps on AWS4.52K Learners1 hrsCompletion CertificateEarn up to $141,443",1 hrs,4.5,"Completion CertificateEarn up to $141,443",https://www.simplilearn.com/free-aws-devops-course-skillup
"Google Docs4.72K Learners1 hrsCompletion CertificateEarn up to $49,000",1 hrs,4.7,"Completion CertificateEarn up to $49,000",https://www.simplilearn.com/free-google-docs-course-skillup
"Google Sheets4.64K Learners1 hrsCompletion CertificateEarn up to $120,567",1 hrs,4.6,"Completion CertificateEarn up to $120,567",https://www.simplilearn.com/free-google-sheets-course-skillup
"Google Slides4.61.5K Learners1 hrsCompletion CertificateEarn up to $127,200",1 hrs,4.6,"Completion CertificateEarn up to $127,200",https://www.simplilearn.com/free-google-slides-course-skillup
"Google Meet4.71 hrsCompletion CertificateEarn up to $136,264",1 hrs,4.7,"Completion CertificateEarn up to $136,264",https://www.simplilearn.com/free-google-meet-course-skillup
"Google Chat4.51 hrsCompletion CertificateEarn up to $136,264",1 hrs,4.5,"Completion CertificateEarn up to $136,264",https://www.simplilearn.com/free-google-chat-course-skillup
"Google Sheets - Advanced Topics4.63K Learners1 hrsCompletion CertificateEarn up to $120,567",1 hrs,4.6,"Completion CertificateEarn up to $120,567",https://www.simplilearn.com/free-advanced-google-sheets-course-skillup
"Getting Started with Amazon Managed Service for Prometheus4.51 hrsCompletion CertificateEarn up to $165,000",1 hrs,4.5,"Completion CertificateEarn up to $165,000",https://www.simplilearn.com/free-aws-managed-prometheus-course-skillup
"Getting Started with AWS IoT SiteWise4.41 hrsCompletion CertificateEarn up to $165,000",1 hrs,4.4,"Completion CertificateEarn up to $165,000",https://www.simplilearn.com/free-aws-iot-sitewise-edge-course-skillup
"Getting Started with AWS Control Tower4.51 hrsCompletion CertificateEarn up to $165,000",1 hrs,4.5,"Completion CertificateEarn up to $165,000",https://www.simplilearn.com/free-aws-control-tower-course-skillup
"Getting Started with AWS Security Hub4.51 hrsCompletion CertificateEarn up to $165,000",1 hrs,4.5,"Completion CertificateEarn up to $165,000",https://www.simplilearn.com/free-aws-security-hub-course-skillup
"Getting Started with Amazon Detective4.61 hrsCompletion CertificateEarn up to $165,000",1 hrs,4.6,"Completion CertificateEarn up to $165,000",https://www.simplilearn.com/free-amazon-detective-course-skillup
"AWS Networking Basics4.61.5K Learners1 hrsCompletion CertificateEarn up to $165,000",1 hrs,4.6,"Completion CertificateEarn up to $165,000",https://www.simplilearn.com/free-aws-networking-course-skillup
"Amazon Simple Storage Service (Amazon S3) Storage Classes4.71 hrsCompletion CertificateEarn up to $165,000",1 hrs,4.7,"Completion CertificateEarn up to $165,000",https://www.simplilearn.com/free-aws-simple-storage-service-course-skillup
"Getting Started with AWS Mainframe Modernization Service4.71 hrsCompletion CertificateEarn up to $173,488",1 hrs,4.7,"Completion CertificateEarn up to $173,488",https://www.simplilearn.com/free-aws-mainframe-modernization-course-skillup
"Getting Started with Amazon QuickSight4.61 hrsCompletion CertificateEarn up to $173,488",1 hrs,4.6,"Completion CertificateEarn up to $173,488",https://www.simplilearn.com/free-amazon-quicksight-course-skillup
"Getting Started with Amazon GuardDuty4.71 hrsCompletion CertificateEarn up to $148,716",1 hrs,4.7,"Completion CertificateEarn up to $148,716",https://www.simplilearn.com/free-aws-guardduty-course-skillup
"Amazon FSx for Lustre Primer4.51 hrsCompletion CertificateEarn up to $189,501",1 hrs,4.5,"Completion CertificateEarn up to $189,501",https://www.simplilearn.com/free-aws-fsx-course-skillup
"Introduction to Amazon SageMaker4.31 hrsCompletion CertificateEarn up to $145,041",1 hrs,4.3,"Completion CertificateEarn up to $145,041",https://www.simplilearn.com/free-aws-sagemaker-course-skillup
"Getting Started with Network Load Balancer (NLB)4.31 hrsCompletion CertificateEarn up to $148,163",1 hrs,4.3,"Completion CertificateEarn up to $148,163",https://www.simplilearn.com/free-aws-network-load-balancer-course-skillup
"AWS Lambda Foundations4.41 hrsCompletion CertificateEarn up to $145,041",1 hrs,4.4,"Completion CertificateEarn up to $145,041",https://www.simplilearn.com/free-aws-lambda-course-skillup
"Amazon Elastic File System (Amazon EFS) Primer4.31 hrsCompletion CertificateEarn up to $188,279",1 hrs,4.3,"Completion CertificateEarn up to $188,279",https://www.simplilearn.com/free-aws-efs-course-skillup
"Introduction to Amazon Elastic Load Balancer - Application4.81 hrsCompletion CertificateEarn up to $278,000",1 hrs,4.8,"Completion CertificateEarn up to $278,000",https://www.simplilearn.com/free-aws-elb-course-skillup
"Introduction to Amazon Elastic MapReduce (EMR)4.31 hrsCompletion CertificateEarn up to $98,000",1 hrs,4.3,"Completion CertificateEarn up to $98,000",https://www.simplilearn.com/free-aws-elastic-mapreduce-course-skillup
"Introduction to Amazon Mechanical Turk3.91 hrsCompletion CertificateEarn up to $278,000",1 hrs,3.9,"Completion CertificateEarn up to $278,000",https://www.simplilearn.com/free-amazon-mechanical-turk-course-skillup
"Introduction to Amazon CloudFront4.31 hrsCompletion CertificateEarn up to $148,163",1 hrs,4.3,"Completion CertificateEarn up to $148,163",https://www.simplilearn.com/free-amazon-cloudfront-course-skillup
"Introduction to Amazon Elastic Compute Cloud (EC2)4.61 hrsCompletion CertificateEarn up to $98,000",1 hrs,4.6,"Completion CertificateEarn up to $98,000",https://www.simplilearn.com/free-aws-ec2-course-skillup
"Introduction To Amazon Virtual Private Cloud (VPC)4.11 hrsCompletion CertificateEarn up to $148,163",1 hrs,4.1,"Completion CertificateEarn up to $148,163",https://www.simplilearn.com/free-amazon-virtual-private-cloud-skillup
"Introduction to Amazon Inspector4.71 hrsCompletion CertificateEarn up to $145,041",1 hrs,4.7,"Completion CertificateEarn up to $145,041",https://www.simplilearn.com/free-aws-inspector-course-skillup
"Amazon DynamoDB Service Introduction3.11 hrsCompletion CertificateEarn up to $98,000",1 hrs,3.1,"Completion CertificateEarn up to $98,000",https://www.simplilearn.com/free-aws-dynamodb-course-skillup
"Introduction to AWS Identity and Access Management (IAM)4.41 hrsCompletion CertificateEarn up to $182,574",1 hrs,4.4,"Completion CertificateEarn up to $182,574",https://www.simplilearn.com/free-aws-iam-course-skillup
"Introduction to AWS Security Token Services (STS)4.41 hrsCompletion CertificateEarn up to $148,163",1 hrs,4.4,"Completion CertificateEarn up to $148,163",https://www.simplilearn.com/free-aws-security-token-services-course-skillup
"Introduction to AWS Batch4.31 hrsCompletion CertificateEarn up to $188,279",1 hrs,4.3,"Completion CertificateEarn up to $188,279",https://www.simplilearn.com/free-aws-batch-course-skillup
"Introduction to Amazon Direct Connect4.31 hrsCompletion CertificateEarn up to $278,000",1 hrs,4.3,"Completion CertificateEarn up to $278,000",https://www.simplilearn.com/free-aws-direct-connect-course-skillup
"Getting Started with Amazon Redshift4.61 hrsCompletion CertificateEarn up to $188,279",1 hrs,4.6,"Completion CertificateEarn up to $188,279",https://www.simplilearn.com/free-amazon-redshift-course-skillup
"Introduction to Amazon Route534.51 hrsCompletion CertificateEarn up to $188,518",1 hrs,4.5,"Completion CertificateEarn up to $188,518",https://www.simplilearn.com/free-amazon-route-53-course-skillup
"Getting Started with AWS Config4.81 hrsCompletion CertificateEarn up to $182,171",1 hrs,4.8,"Completion CertificateEarn up to $182,171",https://www.simplilearn.com/free-aws-config-course-skillup
"Introduction to Amazon Connect and the Connect Control Panel (CCP)4.61 hrsCompletion CertificateEarn up to $105,008",1 hrs,4.6,"Completion CertificateEarn up to $105,008",https://www.simplilearn.com/free-amazon-connect-course-skillup
"Introduction to Amazon WorkDocs3.81 hrsCompletion CertificateEarn up to $127,713",1 hrs,3.8,"Completion CertificateEarn up to $127,713",https://www.simplilearn.com/free-amazon-workdocs-course-skillup
"Introduction to AWS Management Console4.51 hrsCompletion CertificateEarn up to $188,279",1 hrs,4.5,"Completion CertificateEarn up to $188,279",https://www.simplilearn.com/free-aws-management-console-course-skillup
"Introduction to AWS Fargate4.41 hrsCompletion CertificateEarn up to $188,279",1 hrs,4.4,"Completion CertificateEarn up to $188,279",https://www.simplilearn.com/free-aws-fargate-course-skillup
"Introduction To Amazon Polly4.81 hrsCompletion CertificateEarn up to $130,416",1 hrs,4.8,"Completion CertificateEarn up to $130,416",https://www.simplilearn.com/free-amazon-polly-course-skillup
Introduction to AWS Marketplace4.61 hrsCompletion Certificate,1 hrs,4.6,Completion Certificate,https://www.simplilearn.com/free-aws-marketplace-course-skillup
"Introduction to Amazon Simple Notification Service (SNS)4.41 hrsCompletion CertificateEarn up to $188,279",1 hrs,4.4,"Completion CertificateEarn up to $188,279",https://www.simplilearn.com/free-aws-simple-notification-service-course-skillup
"Introduction to Step Functions3.91 hrsCompletion CertificateEarn up to $188,279",1 hrs,3.9,"Completion CertificateEarn up to $188,279",https://www.simplilearn.com/free-aws-step-functions-course-skillup
"Introduction to Amazon Elastic Container Registry3.91 hrsCompletion CertificateEarn up to $164,774",1 hrs,3.9,"Completion CertificateEarn up to $164,774",https://www.simplilearn.com/free-amazon-elastic-container-registry-course-skillup
"Introduction to AWS Trusted Advisor4.91 hrsCompletion CertificateEarn up to $188,279",1 hrs,4.9,"Completion CertificateEarn up to $188,279",https://www.simplilearn.com/free-aws-trusted-advisor-course-skillup
"Introduction to AWS X-Ray4.81 hrsCompletion CertificateEarn up to $164,774",1 hrs,4.8,"Completion CertificateEarn up to $164,774",https://www.simplilearn.com/free-aws-x-ray-course-skillup
"Amazon Aurora Service Introduction4.41 hrsCompletion CertificateEarn up to $164,774",1 hrs,4.4,"Completion CertificateEarn up to $164,774",https://www.simplilearn.com/free-amazon-aurora-service-course-skillup
"Getting Started with AWS CloudTrail4.41 hrsCompletion CertificateEarn up to $188,279",1 hrs,4.4,"Completion CertificateEarn up to $188,279",https://www.simplilearn.com/free-aws-cloudtrail-course-skillup
"Introduction to AWS Organizations4.71 hrsCompletion CertificateEarn up to $188,279",1 hrs,4.7,"Completion CertificateEarn up to $188,279",https://www.simplilearn.com/free-aws-organizations-course-skillup
"Understanding CIDR Notation4.11 hrsCompletion CertificateEarn up to $188,279",1 hrs,4.1,"Completion CertificateEarn up to $188,279",https://www.simplilearn.com/free-cidr-notation-course-skillup
"Introduction to Amazon Athena4.81 hrsCompletion CertificateEarn up to $109,799",1 hrs,4.8,"Completion CertificateEarn up to $109,799",https://www.simplilearn.com/free-aws-athena-course-skillup
"Introduction to Amazon Simple Queue Service (SQS)4.51 hrsCompletion CertificateEarn up to $164,774",1 hrs,4.5,"Completion CertificateEarn up to $164,774",https://www.simplilearn.com/free-aws-simple-queue-service-course-skillup
"Introduction to Amazon Rekognition4.71 hrsCompletion CertificateEarn up to $251,467",1 hrs,4.7,"Completion CertificateEarn up to $251,467",https://www.simplilearn.com/free-amazon-rekognition-course-skillup
"Introduction to AWS Artifact4.21 hrsCompletion CertificateEarn up to $182,416",1 hrs,4.2,"Completion CertificateEarn up to $182,416",https://www.simplilearn.com/free-aws-artifact-course-skillup
"Introduction to Amazon Kinesis Analytics4.81 hrsCompletion CertificateEarn up to $182,416",1 hrs,4.8,"Completion CertificateEarn up to $182,416",https://www.simplilearn.com/free-amazon-kinesis-analytics-course-skillup
"Introduction to AWS IoT4.51 hrsCompletion CertificateEarn up to $200,000",1 hrs,4.5,"Completion CertificateEarn up to $200,000",https://www.simplilearn.com/free-aws-iot-course-skillup
"PostgreSQL Fundamentals: Explain4.61 hrsCompletion CertificateEarn up to $140,511",1 hrs,4.6,"Completion CertificateEarn up to $140,511",https://www.simplilearn.com/free-aws-postgresql-course-skillup
"AWS Cloud Practitioner Essential4.71 hrsCompletion CertificateEarn up to $188,673",1 hrs,4.7,"Completion CertificateEarn up to $188,673",https://www.simplilearn.com/free-aws-cloud-practitioner-essentials-course-skillup
"Introduction To AWS CloudFormation4.61 hrsCompletion CertificateEarn up to $202,670",1 hrs,4.6,"Completion CertificateEarn up to $202,670",https://www.simplilearn.com/free-aws-cloudformation-course-skillup
"Deploying And Scaling Applications With Amazon Lightsail4.91 hrsCompletion CertificateEarn up to $188,673",1 hrs,4.9,"Completion CertificateEarn up to $188,673",https://www.simplilearn.com/free-aws-lightsail-course-skillup
"Configure And Deploy AWS Client VPN4.61 hrsCompletion CertificateEarn up to $188,673",1 hrs,4.6,"Completion CertificateEarn up to $188,673",https://www.simplilearn.com/free-aws-client-vpn-course-skillup
"Getting Started with AWS Systems Manager4.61 hrsCompletion CertificateEarn up to $211,409",1 hrs,4.6,"Completion CertificateEarn up to $211,409",https://www.simplilearn.com/free-aws-system-manager-course-skillup
"Getting Started with Amazon ECS4.61 hrsCompletion CertificateEarn up to $182,627",1 hrs,4.6,"Completion CertificateEarn up to $182,627",https://www.simplilearn.com/free-aws-ecs-course-skillup
"Introduction to AWS CodeCommit4.81 hrsCompletion CertificateEarn up to $187,627",1 hrs,4.8,"Completion CertificateEarn up to $187,627",https://www.simplilearn.com/free-aws-codecommit-course-skillup
"Introduction to Amazon Lex4.91 hrsCompletion CertificateEarn up to $130,416",1 hrs,4.9,"Completion CertificateEarn up to $130,416",https://www.simplilearn.com/free-amazon-lex-course-skillup
"Introduction to AWS Global Accelerator4.71 hrsCompletion CertificateEarn up to $187,627",1 hrs,4.7,"Completion CertificateEarn up to $187,627",https://www.simplilearn.com/free-aws-global-accelerator-course-skillup
"Configure And Deploy AWS PrivateLink4.91 hrsCompletion CertificateEarn up to $187,500",1 hrs,4.9,"Completion CertificateEarn up to $187,500",https://www.simplilearn.com/free-aws-privatelink-course-skillup
"Introduction to AWS CodePipeline4.21 hrsCompletion CertificateEarn up to $165,000",1 hrs,4.2,"Completion CertificateEarn up to $165,000",https://www.simplilearn.com/free-aws-codepipeline-course-skillup
"Introduction to AWS Auto Scaling4.71 hrsCompletion CertificateEarn up to $167,349",1 hrs,4.7,"Completion CertificateEarn up to $167,349",https://www.simplilearn.com/free-aws-auto-scaling-course-skillup
"Introduction to Amazon Macie4.21 hrsCompletion CertificateEarn up to $187,500",1 hrs,4.2,"Completion CertificateEarn up to $187,500",https://www.simplilearn.com/free-aws-macie-course-skillup
"Introduction to Amazon CloudWatch Logs4.61 hrsCompletion CertificateEarn up to $188,279",1 hrs,4.6,"Completion CertificateEarn up to $188,279",https://www.simplilearn.com/free-amazon-cloudwatch-logs-course-skillup
"AWS DataSync Primer4.71 hrsCompletion CertificateEarn up to $278,000",1 hrs,4.7,"Completion CertificateEarn up to $278,000",https://www.simplilearn.com/free-aws-datasync-primer-course-skillup
"Math for Machine Learning4.71 hrsCompletion CertificateEarn up to $251,467",1 hrs,4.7,"Completion CertificateEarn up to $251,467",https://www.simplilearn.com/free-math-for-machine-learning-course-skillup
"Introduction to Amazon Elastic Load Balancer - Classic4.41 hrsCompletion CertificateEarn up to $164,774",1 hrs,4.4,"Completion CertificateEarn up to $164,774",https://www.simplilearn.com/free-amazon-elastic-load-balancer-classic-course-skillup
"Introduction To AWS Data Pipeline4.61 hrsCompletion CertificateEarn up to $188,279",1 hrs,4.6,"Completion CertificateEarn up to $188,279",https://www.simplilearn.com/free-aws-data-pipeline-course-skillup
"AWS DeepRacer4.41 hrsCompletion CertificateEarn up to $251,467",1 hrs,4.4,"Completion CertificateEarn up to $251,467",https://www.simplilearn.com/free-aws-deepracer-course-skillup
"Introduction To Amazon Transcribe3.91 hrsCompletion CertificateEarn up to $131,040",1 hrs,3.9,"Completion CertificateEarn up to $131,040",https://www.simplilearn.com/free-amazon-transcribe-course-skillup
"Introduction To Amazon Pinpoint4.61 hrsCompletion CertificateEarn up to $156,883",1 hrs,4.6,"Completion CertificateEarn up to $156,883",https://www.simplilearn.com/free-amazon-pinpoint-course-skillup
"Exploring Data Transformation with Google Cloud4.51 hrsCompletion CertificateEarn up to $121,265",1 hrs,4.5,"Completion CertificateEarn up to $121,265",https://www.simplilearn.com/free-google-data-transformation-course-skillup
"Modernize Infrastructure and Applications with Google Cloud4.61 hrsCompletion CertificateEarn up to $187,463",1 hrs,4.6,"Completion CertificateEarn up to $187,463",https://www.simplilearn.com/free-google-cloud-application-modernization-course-skillup
"Scaling with Google Cloud Operations4.51 hrsCompletion CertificateEarn up to $187,463",1 hrs,4.5,"Completion CertificateEarn up to $187,463",https://www.simplilearn.com/free-google-cloud-operations-course-skillup
"Introduction to AWS Service Catalog4.31 hrsCompletion CertificateEarn up to $187,704",1 hrs,4.3,"Completion CertificateEarn up to $187,704",https://www.simplilearn.com/free-aws-service-catalog-course-skillup
"AWS Shared Responsibility Model4.51 hrsCompletion CertificateEarn up to $187,704",1 hrs,4.5,"Completion CertificateEarn up to $187,704",https://www.simplilearn.com/free-aws-shared-responsibility-model-course-skillup
"Planning a Machine Learning Project4.41 hrsCompletion CertificateEarn up to $254,216",1 hrs,4.4,"Completion CertificateEarn up to $254,216",https://www.simplilearn.com/free-planning-a-machine-learning-project-course-skillup
"AWS Foundations: Machine Learning Basics4.41 hrsCompletion CertificateEarn up to $254,216",1 hrs,4.4,"Completion CertificateEarn up to $254,216",https://www.simplilearn.com/free-aws-foundations-machine-learning-basics-course-skillup
"Getting Started with Amazon Textract4.31 hrsCompletion CertificateEarn up to $254,216",1 hrs,4.3,"Completion CertificateEarn up to $254,216",https://www.simplilearn.com/free-amazon-textract-course-skillup
"Instance Isolation with Elastic Network Interfaces4.51 hrsCompletion CertificateEarn up to $203,357",1 hrs,4.5,"Completion CertificateEarn up to $203,357",https://www.simplilearn.com/free-elastic-network-interfaces-course-skillup
"Getting Started with Amazon Neptune4.31 hrsCompletion CertificateEarn up to $107,684",1 hrs,4.3,"Completion CertificateEarn up to $107,684",https://www.simplilearn.com/free-amazon-neptune-course-skillup
"Introduction to AWS CodeBuild4.41 hrsCompletion CertificateEarn up to $182,884",1 hrs,4.4,"Completion CertificateEarn up to $182,884",https://www.simplilearn.com/free-aws-codebuild-course-skillup
"Amazon Bedrock Getting Started4.61 hrsCompletion CertificateEarn up to $187,495",1 hrs,4.6,"Completion CertificateEarn up to $187,495",https://www.simplilearn.com/free-amazon-bedrock-course-skillup
"Building a Generative AI-Ready Organization4.51 hrsCompletion CertificateEarn up to $246,904",1 hrs,4.5,"Completion CertificateEarn up to $246,904",https://www.simplilearn.com/free-building-a-generative-ai-ready-organization-course-skillup
"Planning a Generative AI Project4.41 hrsCompletion CertificateEarn up to $246,904",1 hrs,4.4,"Completion CertificateEarn up to $246,904",https://www.simplilearn.com/free-planning-a-generative-ai-project-course-skillup
"Amazon Kendra Getting Started4.01 hrsCompletion CertificateEarn up to $187,495",1 hrs,4.0,"Completion CertificateEarn up to $187,495",https://www.simplilearn.com/free-amazon-kendra-course-skillup
"Getting Started with Amazon Personalize4.71 hrsCompletion CertificateEarn up to $246,904",1 hrs,4.7,"Completion CertificateEarn up to $246,904",https://www.simplilearn.com/free-amazon-personalize-course-skillup
"Building a Machine Learning Ready Organization4.51 hrsCompletion CertificateEarn up to $246,904",1 hrs,4.5,"Completion CertificateEarn up to $246,904",https://www.simplilearn.com/free-machine-learning-ready-organization-course-skillup
"Introduction to AWS OpsWorks for Chef Automate1 hrsCompletion CertificateEarn up to $165,568",1 hrs,,"Completion CertificateEarn up to $165,568",https://www.simplilearn.com/free-aws-opsworks-for-chef-automate-course-skillup
"AWS Managed Services (AMS) Managed AWS Landing Zone4.81 hrsCompletion CertificateEarn up to $171,585",1 hrs,4.8,"Completion CertificateEarn up to $171,585",https://www.simplilearn.com/free-aws-landing-zone-course-skillup
"Introduction to Amazon API Gateway4.31 hrsCompletion CertificateEarn up to $165,568",1 hrs,4.3,"Completion CertificateEarn up to $165,568",https://www.simplilearn.com/free-amazon-api-gateway-course-skillup
"Threat Modeling the Right Way for Builders Workshop4.61 hrsCompletion CertificateEarn up to $161,480",1 hrs,4.6,"Completion CertificateEarn up to $161,480",https://www.simplilearn.com/free-threat-modeling-course-skillup
"AWS Billing and Cost Management4.41 hrsCompletion CertificateEarn up to $187,905",1 hrs,4.4,"Completion CertificateEarn up to $187,905",https://www.simplilearn.com/free-aws-billing-course-skillup
Introduction to the AWS Cloud Adoption Framework (CAF)4.61 hrsCompletion Certificate,1 hrs,4.6,Completion Certificate,https://www.simplilearn.com/aws-cloud-adoption-framework-free-course-skillup
Getting Started with Amazon DocumentDB (with MongoDB compatibility)4.31 hrsCompletion Certificate,1 hrs,4.3,Completion Certificate,https://www.simplilearn.com/free-amazon-documentdb-with-mongodb-course-skillup
Getting Started with Amazon ElastiCache4.01 hrsCompletion Certificate,1 hrs,4.0,Completion Certificate,https://www.simplilearn.com/free-amazon-elasticache-course-skillup
Introduction to AWS Solutions4.61 hrsCompletion Certificate,1 hrs,4.6,Completion Certificate,https://www.simplilearn.com/free-aws-solutions-course-skillup
Getting Started with Application Load Balancer4.21 hrsCompletion Certificate,1 hrs,4.2,Completion Certificate,https://www.simplilearn.com/free-application-load-balancer-course-skillup
Getting Started with AWS Audit Manager4.51 hrsCompletion Certificate,1 hrs,4.5,Completion Certificate,https://www.simplilearn.com/free-aws-audit-manager-course-skillup
Deep Dive on Container Security4.51 hrsCompletion Certificate,1 hrs,4.5,Completion Certificate,https://www.simplilearn.com/free-container-security-course-skillup
SAP on AWS (Technical)5.02.5K Learners1 hrsCompletion Certificate,1 hrs,5.0,Completion Certificate,https://www.simplilearn.com/free-sap-on-aws-course-skillup
AWS Compute Services Overview3.51 hrsCompletion Certificate,1 hrs,3.5,Completion Certificate,https://www.simplilearn.com/free-aws-compute-services-course-skillup
Getting Started with Amazon Timestream5.01 hrsCompletion Certificate,1 hrs,5.0,Completion Certificate,https://www.simplilearn.com/free-amazon-timestream-course-skillup
Getting Started with Gateway Load Balancer3.31 hrsCompletion Certificate,1 hrs,3.3,Completion Certificate,https://www.simplilearn.com/free-gateway-load-balancer-course-skillup
AWS Technical Essentials4.51.5K Learners1 hrsCompletion Certificate,1 hrs,4.5,Completion Certificate,https://www.simplilearn.com/free-aws-technical-essentials-course-skillup
AWS Application Migration Service (AWS MGN) â A Technical Introduction4.31 hrsCompletion Certificate,1 hrs,4.3,Completion Certificate,https://www.simplilearn.com/free-aws-application-migration-service-course-skillup
Introduction to AWS Inferentia and Amazon EC2 Inf1 Instances4.61 hrsCompletion Certificate,1 hrs,4.6,Completion Certificate,https://www.simplilearn.com/free-aws-inferentia-course-skillup
Understanding Placement Groups4.61 hrsCompletion Certificate,1 hrs,4.6,Completion Certificate,https://www.simplilearn.com/free-aws-placement-groups-course-skillup
Digital Transformation Course for Leaders4.551.5K Learners3 hrsCompletion CertificateEnroll and win rewards,3 hrs,4.5,Completion CertificateEnroll and win rewards,https://www.simplilearn.com/free-digital-transformation-training-course-skillup
Getting Started with Business Analysis4.521.5K Learners5 hrsCompletion CertificateEarn up to $93K,5 hrs,4.5,Completion CertificateEarn up to $93K,https://www.simplilearn.com/cbap-basics-skillup
Business Analysis Basics4.673.5K Learners2 hrsCompletion CertificateEnroll and win rewards,2 hrs,4.6,Completion CertificateEnroll and win rewards,https://www.simplilearn.com/introduction-to-business-analysis-free-course-skillup
Design Thinking for Beginners4.534K Learners1 hrsCompletion Certificate,1 hrs,4.5,Completion Certificate,https://www.simplilearn.com/learn-design-thinking-basics-free-course-skillup
Digital Leadership in Business4.612.5K Learners4 hrsCompletion Certificate,4 hrs,4.6,Completion Certificate,https://www.simplilearn.com/introduction-to-digital-leadership-skillup
Digital Disruption and Transformation Strategy4.65K Learners5 hrsCompletion Certificate,5 hrs,4.6,Completion Certificate,https://www.simplilearn.com/introduction-to-digital-disruption-transformation-strategy-skillup
Getting Started with Interview Preparation4.617K Learners1 hrsCompletion Certificate,1 hrs,4.6,Completion Certificate,https://www.simplilearn.com/interview-preparation-free-course-skillup
Productivity Framework Basics Course4.55K Learners1 hrsCompletion Certificate,1 hrs,4.5,Completion Certificate,https://www.simplilearn.com/basics-productivity-framework-course-skillup
Getting Started with Basics of Finance4.514.5K Learners6 hrsCompletion CertificateEarn up to $310K,6 hrs,4.5,Completion CertificateEarn up to $310K,https://www.simplilearn.com/basics-finance-foundation-course-skillup
Basics Tutorial on Business4.62K Learners2 hrsCompletion Certificate,2 hrs,4.6,Completion Certificate,https://www.simplilearn.com/basics-tutorial-business-course-skillup
Getting Python Interview Ready4.522K Learners2 hrsCompletion CertificateEarn up to $210K,2 hrs,4.5,Completion CertificateEarn up to $210K,https://www.simplilearn.com/free-python-foundation-course-skillup
Learn Advanced C++ Course Online4.523K Learners2 hrsCompletion Certificate,2 hrs,4.5,Completion Certificate,https://www.simplilearn.com/advanced-c-plus-plus-course-skillup
Introduction to Android Studio Course4.48K Learners2 hrsCompletion CertificateEarn up to $255K,2 hrs,4.4,Completion CertificateEarn up to $255K,https://www.simplilearn.com/free-android-app-development-course-skillup
Introduction to Flutter Course Online4.514.5K Learners2 hrsCompletion CertificateEarn up to $159K,2 hrs,4.5,Completion CertificateEarn up to $159K,https://www.simplilearn.com/free-flutter-foundation-course-skillup
Learn OpenCV Course Online4.52.5K Learners5 hrsCompletion CertificateEarn up to $161K,5 hrs,4.5,Completion CertificateEarn up to $161K,https://www.simplilearn.com/free-opencv-training-course-skillup
Python for Beginners4.5311.5K Learners11 hrsCompletion CertificateEarn up to $130K,11 hrs,4.5,Completion CertificateEarn up to $130K,https://www.simplilearn.com/learn-python-basics-free-course-skillup
Blockchain Developer4.573.5K Learners6 hrsCompletion CertificateEarn up to $110KEnroll and win rewards,6 hrs,4.5,Completion CertificateEarn up to $110KEnroll and win rewards,https://www.simplilearn.com/learn-blockchain-basics-skillup
Introduction to IoT4.557K Learners2 hrsCompletion CertificateEarn up to $141KEnroll and win rewards,2 hrs,4.5,Completion CertificateEarn up to $141KEnroll and win rewards,https://www.simplilearn.com/learn-iot-basics-skillup
JavaScript for Beginners4.580K Learners5 hrsCompletion CertificateEarn up to $155K,5 hrs,4.5,Completion CertificateEarn up to $155K,https://www.simplilearn.com/learn-javascript-basics-free-course-skillup
ReactJS for Beginners4.534K Learners5 hrsCompletion CertificateEarn up to $158K,5 hrs,4.5,Completion CertificateEarn up to $158K,https://www.simplilearn.com/learn-react-js-basics-free-course-skillup
Salesforce Administrator & App Builder4.522.5K Learners16 hrsCompletion CertificateEarn up to $105K,16 hrs,4.5,Completion CertificateEarn up to $105K,https://www.simplilearn.com/learn-salesforce-basics-skillup
Salesforce Administrator4.513.5K Learners7 hrsCompletion CertificateEarn up to $105K,7 hrs,4.5,Completion CertificateEarn up to $105K,https://www.simplilearn.com/learn-salesforce-admin-basics-skillup
Salesforce Platform App Builder4.57K Learners12 hrsCompletion CertificateEarn up to $120K,12 hrs,4.5,Completion CertificateEarn up to $120K,https://www.simplilearn.com/learn-salesforce-developer-basics-skillup
R Programming for Beginners4.514.5K Learners7 hrsCompletion CertificateEarn up to $91K,7 hrs,4.5,Completion CertificateEarn up to $91K,https://www.simplilearn.com/r-programming-free-course-skillup
Programming with Python 3.X4.561K Learners3 hrsCompletion CertificateEnroll and win rewards,3 hrs,4.5,Completion CertificateEnroll and win rewards,https://www.simplilearn.com/free-python-programming-course-skillup
Angular Basics4.54K Learners3 hrsCompletion CertificateEarn up to $131K,3 hrs,4.5,Completion CertificateEarn up to $131K,https://www.simplilearn.com/learn-angular-basics-free-course-skillup
Introduction to Numpy4.35K Learners2 hrsCompletion Certificate,2 hrs,4.3,Completion Certificate,https://www.simplilearn.com/learn-numpy-basics-free-course-skillup
Getting started with NodeJS4.517.5K Learners5 hrsCompletion Certificate,5 hrs,4.5,Completion Certificate,https://www.simplilearn.com/learn-nodejs-basics-free-course-skillup
Introduction to C++4.549.5K Learners6 hrsCompletion Certificate,6 hrs,4.5,Completion Certificate,https://www.simplilearn.com/free-course-to-learn-cpp-basics-skillup
Introduction to HTML4.557K Learners6 hrsCompletion Certificate,6 hrs,4.5,Completion Certificate,https://www.simplilearn.com/free-html-course-for-beginners-skillup
Getting Started with JUnit4.32.5K Learners2 hrsCompletion Certificate,2 hrs,4.3,Completion Certificate,https://www.simplilearn.com/learn-junit-basics-free-course-skillup
Introduction to Java Spring framework 1014.58K Learners3 hrsCompletion Certificate,3 hrs,4.5,Completion Certificate,https://www.simplilearn.com/introduction-to-java-spring-framework-fundamentals-skillup
Getting Started with Full Stack Java Development4.548K Learners12 hrsCompletion Certificate,12 hrs,4.5,Completion Certificate,https://www.simplilearn.com/free-full-stack-java-developer-course-skillup
Java Servlet Basics and JSP 1014.54.5K Learners4 hrsCompletion Certificate,4 hrs,4.5,Completion Certificate,https://www.simplilearn.com/introduction-to-java-servlets-jsp-basics-skillup
Getting Started with Java Hibernate Basics4.43.5K Learners2 hrsCompletion Certificate,2 hrs,4.4,Completion Certificate,https://www.simplilearn.com/learn-java-hibernate-basics-skillup
Introduction to Cryptocurrency4.511K Learners3 hrsCompletion Certificate,3 hrs,4.5,Completion Certificate,https://www.simplilearn.com/cryptocurrency-for-beginners-free-course-skillup
Introduction to Front End Development4.587K Learners12 hrsCompletion Certificate,12 hrs,4.5,Completion Certificate,https://www.simplilearn.com/front-end-developer-free-course-skillup
Introduction to CSS4.515.5K Learners3 hrsCompletion Certificate,3 hrs,4.5,Completion Certificate,https://www.simplilearn.com/learn-css-basics-free-training-course-skillup
Introduction to If Else Statements and Loops in Python4.52.5K Learners2 hrsCompletion Certificate,2 hrs,4.5,Completion Certificate,https://www.simplilearn.com/if-else-statements-loops-in-python-free-course-skillup
Introduction to PHP Basics4.516K Learners7 hrsCompletion Certificate,7 hrs,4.5,Completion Certificate,https://www.simplilearn.com/learn-php-basics-free-course-skillup
Introduction to the Sorting Algorithms4.55K Learners3 hrsCompletion Certificate,3 hrs,4.5,Completion Certificate,https://www.simplilearn.com/sorting-algorithms-in-data-structure-free-course-skillup
Introduction to Web Scraping with Python4.47K Learners1 hrsCompletion Certificate,1 hrs,4.4,Completion Certificate,https://www.simplilearn.com/learn-basics-of-web-scraping-in-python-free-course-skillup
Getting Started with ReactJS Components4.56K Learners1 hrsCompletion Certificate,1 hrs,4.5,Completion Certificate,https://www.simplilearn.com/learn-basics-of-reactjs-components-free-course-skillup
Introduction to Python OpenCV4.54K Learners2 hrsCompletion Certificate,2 hrs,4.5,Completion Certificate,https://www.simplilearn.com/python-opencv-basics-free-course-skillup
Javascript Coding Interview Preparation4.52.5K Learners2 hrsCompletion Certificate,2 hrs,4.5,Completion Certificate,https://www.simplilearn.com/javascript-free-interview-course-skillup
Python Pandas Basics Course4.54.5K Learners5 hrsCompletion Certificate,5 hrs,4.5,Completion Certificate,https://www.simplilearn.com/free-python-panda-basics-course-skillup
Cryptocurrency Basics Tutorial Course4.61.5K Learners2 hrsCompletion Certificate,2 hrs,4.6,Completion Certificate,https://www.simplilearn.com/cryptocurrency-nfts-basics-course-free-skillup
"Typescript: The New JavaScript for Web Development4.43.5K Learners3 hrsCompletion CertificateEarn up to $163,000",3 hrs,4.4,"Completion CertificateEarn up to $163,000",https://www.simplilearn.com/free-typescript-course-skillup
Python Django 101: Step 1 to become a Data Science Expert4.56.5K Learners2 hrsCompletion Certificate,2 hrs,4.5,Completion Certificate,https://www.simplilearn.com/free-python-django-course-skillup
C Programming Basics: Kick start your programming career4.523.5K Learners3 hrsCompletion Certificate,3 hrs,4.5,Completion Certificate,https://www.simplilearn.com/free-c-course-skillup
Mobile App Development - Android App Development for Beginners4.49K Learners1 hrsCompletion Certificate,1 hrs,4.4,Completion Certificate,https://www.simplilearn.com/free-app-development-course-skillup
Java Programming for Beginners4.520.5K Learners4 hrsCompletion Certificate,4 hrs,4.5,Completion Certificate,https://www.simplilearn.com/free-java-beginners-course-skillup
"Web Development for Beginners4.411K Learners4 hrsCompletion CertificateEarn up to $173,391",4 hrs,4.4,"Completion CertificateEarn up to $173,391",https://www.simplilearn.com/free-quiz-website-development-course-skillup
"Full-Stack Development 101: What is Full-Stack Development ?4.413.5K Learners1 hrsCompletion CertificateEarn up to $190,489",1 hrs,4.4,"Completion CertificateEarn up to $190,489",https://www.simplilearn.com/learn-full-stack-development-free-skillup
"Introduction to MEAN Stack4.41 hrsCompletion CertificateEarn up to $190,158",1 hrs,4.4,"Completion CertificateEarn up to $190,158",https://www.simplilearn.com/free-mean-stack-program-skillup
"Fundamentals of MERN Stack4.57K Learners1 hrsCompletion CertificateEarn up to $190,158",1 hrs,4.5,"Completion CertificateEarn up to $190,158",https://www.simplilearn.com/free-mern-stack-program-skillup
"Fundamentals of Software Development4.58.5K Learners1 hrsCompletion CertificateEarn up to $181,329",1 hrs,4.5,"Completion CertificateEarn up to $181,329",https://www.simplilearn.com/learn-software-development-free-skillup
"Become job-ready in coding: Basics of Data Structures and Algorithms4.417K Learners4 hrsCompletion CertificateEarn up to $181,472",4 hrs,4.4,"Completion CertificateEarn up to $181,472",https://www.simplilearn.com/free-data-structures-algorithms-course-skillup
"Become a Web Developer: Introduction to Golang4.51 hrsCompletion CertificateEarn up to $182,063",1 hrs,4.5,"Completion CertificateEarn up to $182,063",https://www.simplilearn.com/free-golang-beginner-course-skillup
"Introduction to C#4.52K Learners8 hrsCompletion CertificateEarn up to $182,519",8 hrs,4.5,"Completion CertificateEarn up to $182,519",https://www.simplilearn.com/free-c-sharp-course-beginners-skillup
"Become a web Developer: Introduction to jQuery4.52 hrsCompletion CertificateEarn up to $134,120",2 hrs,4.5,"Completion CertificateEarn up to $134,120",https://www.simplilearn.com/free-jquery-course-beginners-skillup
"Boost your Software Engineer Career: Introduction to VMware4.52K Learners1 hrsCompletion CertificateEarn up to $182,826",1 hrs,4.5,"Completion CertificateEarn up to $182,826",https://www.simplilearn.com/free-vmware-course-beginners-skillup
Introduction to MongoDB4.52K Learners5 hrsCompletion Certificate,5 hrs,4.5,Completion Certificate,https://www.simplilearn.com/free-mongodb-course-skillup
Introduction to Applied Data Science with Python4.45K Learners2 hrsCompletion Certificate,2 hrs,4.4,Completion Certificate,https://www.simplilearn.com/free-applied-data-science-with-python-course-skillup
"Introduction to ASP.NET4.62 hrsCompletion CertificateEarn up to $196,801",2 hrs,4.6,"Completion CertificateEarn up to $196,801",https://www.simplilearn.com/free-asp-net-course-skillup
"Introduction to JMeter4.42 hrsCompletion CertificateEarn up to $182,798",2 hrs,4.4,"Completion CertificateEarn up to $182,798",https://www.simplilearn.com/free-jmeter-certification-course-skillup
"OOPs in Java Programming4.42.5K Learners2 hrsCompletion CertificateEarn up to $168,005",2 hrs,4.4,"Completion CertificateEarn up to $168,005",https://www.simplilearn.com/free-java-object-oriented-programming-course-skillup
Introduction to Adobe XD4.31 hrsCompletion Certificate,1 hrs,4.3,Completion Certificate,https://www.simplilearn.com/free-adobe-xd-course-skillup
Introduction to Express JS4.31 hrsCompletion Certificate,1 hrs,4.3,Completion Certificate,https://www.simplilearn.com/free-expressjs-course-skillup
"Introduction to Software Testing4.52K Learners2 hrsCompletion CertificateEarn up to $165,814",2 hrs,4.5,"Completion CertificateEarn up to $165,814",https://www.simplilearn.com/free-software-testing-course-skillup
"Tech Career Kickstart0 hrsCompletion CertificateEarn up to $123,558",0 hrs,,"Completion CertificateEarn up to $123,558",https://www.simplilearn.com/free-tech-career-foundation-skills-course-skillup
"Introduction to TOGAFÂ®4.52 hrsCompletion CertificateEarn up to $278,000",2 hrs,4.5,"Completion CertificateEarn up to $278,000",https://www.simplilearn.com/free-togaf-online-training-skillup
Introduction to CISSP4.63K Learners2 hrsCompletion Certificate,2 hrs,4.6,Completion Certificate,https://www.simplilearn.com/free-cissp-training-skillup
"Introduction to ITILÂ® Foundation 44.64.5K Learners1 hrsCompletion CertificateEarn up to $93,724",1 hrs,4.6,"Completion CertificateEarn up to $93,724",https://www.simplilearn.com/free-itil-v-four-course-skillup
"Digital Security Fundamentals4.80 hrsCompletion CertificateEarn up to $189,366",0 hrs,4.8,"Completion CertificateEarn up to $189,366",https://www.simplilearn.com/free-it-safety-and-security-essentials-course-skillup
Lean Management4.439K Learners5 hrsCompletion CertificateEarn up to $132K,5 hrs,4.4,Completion CertificateEarn up to $132K,https://www.simplilearn.com/introduction-to-lean-management-basics-skillup
MinitabÂ®4.514K Learners3 hrsCompletion Certificate,3 hrs,4.5,Completion Certificate,https://www.simplilearn.com/learn-minitab-basics-online-free-course-skillup
Introduction to Six Sigma4.648.5K Learners7 hrsCompletion Certificate,7 hrs,4.6,Completion Certificate,https://www.simplilearn.com/learn-six-sigma-basics-free-course-skillup
Introduction to Affiliate Marketing for Beginners4.535.5K Learners2 hrsCompletion Certificate,2 hrs,4.5,Completion Certificate,https://www.simplilearn.com/affiliate-marketing-for-beginners-course-skillup
Basic of SaaS Business Online4.55K Learners2 hrsCompletion Certificate,2 hrs,4.5,Completion Certificate,https://www.simplilearn.com/free-saas-business-fundamental-course-skillup
Introduction to Content Marketing4.515.5K Learners4 hrsCompletion Certificate,4 hrs,4.5,Completion Certificate,https://www.simplilearn.com/free-content-marketing-training-course-skillup
YouTube and Video Marketing4.546K Learners4 hrsCompletion Certificate,4 hrs,4.5,Completion Certificate,https://www.simplilearn.com/free-youtube-and-video-marketing-training-course-skillup
Facebook Marketing & Advertising4.647.5K Learners5 hrsCompletion Certificate,5 hrs,4.6,Completion Certificate,https://www.simplilearn.com/free-facebook-marketing-and-advertising-training-course-skillup
Digital Marketing for CXOs4.610K Learners1 hrsCompletion Certificate,1 hrs,4.6,Completion Certificate,https://www.simplilearn.com/learn-digital-marketing-basics-for-entrepreneurs-cxos-skillup
Digital Marketing Strategy4.639.5K Learners2 hrsCompletion Certificate,2 hrs,4.6,Completion Certificate,https://www.simplilearn.com/free-digital-marketing-strategy-training-course-skillup
Introduction to Google Ads4.625K Learners3 hrsCompletion CertificateEarn up to $151K,3 hrs,4.6,Completion CertificateEarn up to $151K,https://www.simplilearn.com/learn-google-ads-fundamentals-free-course-skillup
Advanced Email Marketing4.617.5K Learners5 hrsCompletion CertificateEarn up to $150K,5 hrs,4.6,Completion CertificateEarn up to $150K,https://www.simplilearn.com/learn-email-marketing-free-course-skillup
Advanced Mobile Marketing4.46K Learners8 hrsCompletion Certificate,8 hrs,4.4,Completion Certificate,https://www.simplilearn.com/learn-mobile-marketing-free-training-course-skillup
Digital and Social Selling4.66.5K Learners8 hrsCompletion Certificate,8 hrs,4.6,Completion Certificate,https://www.simplilearn.com/learn-digital-social-selling-basics-skillup
Introduction to Social Media4.614K Learners2 hrsCompletion Certificate,2 hrs,4.6,Completion Certificate,https://www.simplilearn.com/introduction-to-learn-social-media-free-course-skillup
Instagram Marketing Basics4.515.5K Learners2 hrsCompletion Certificate,2 hrs,4.5,Completion Certificate,https://www.simplilearn.com/learn-instagram-marketing-free-course-skillup
Digital Marketing Tools and Techniques4.518K Learners3 hrsCompletion Certificate,3 hrs,4.5,Completion Certificate,https://www.simplilearn.com/digital-marketing-tools-techniques-free-online-course-skillup
Introduction to Google Analytics4.63.5K Learners5 hrsCompletion Certificate,5 hrs,4.6,Completion Certificate,https://www.simplilearn.com/free-google-analytics-training-course-for-beginners-skillup
Marketing Automation Foundations4.64K Learners2 hrsCompletion Certificate,2 hrs,4.6,Completion Certificate,https://www.simplilearn.com/free-marketing-automation-training-course-skillup
Pay Per Click - PPC Foundations4.55.5K Learners4 hrsCompletion Certificate,4 hrs,4.5,Completion Certificate,https://www.simplilearn.com/learn-ppc-basics-free-course-skillup
Hootsuite Platform Training4.62.5K Learners2 hrsCompletion Certificate,2 hrs,4.6,Completion Certificate,https://www.simplilearn.com/free-hootsuite-training-course-skillup
Introduction to Twitter Marketing4.52K Learners3 hrsCompletion Certificate,3 hrs,4.5,Completion Certificate,https://www.simplilearn.com/learn-twitter-marketing-basics-free-course-skillup
Introduction to LinkedIn Marketing4.57K Learners1 hrsCompletion Certificate,1 hrs,4.5,Completion Certificate,https://www.simplilearn.com/free-linkedin-marketing-course-skillup
Basics of Snapchat Marketing4.571.5K Learners2 hrsCompletion Certificate,2 hrs,4.5,Completion Certificate,https://www.simplilearn.com/free-snapchat-marketing-course-skillup
Basics of Influencer Marketing and Online Reputation Management4.63K Learners2 hrsCompletion Certificate,2 hrs,4.6,Completion Certificate,https://www.simplilearn.com/learn-fundamentals-of-influencer-marketing-and-orm-free-course-skillup
Introduction to Pinterest Marketing4.63K Learners2 hrsCompletion Certificate,2 hrs,4.6,Completion Certificate,https://www.simplilearn.com/learn-pinterest-marketing-basics-free-course-skillup
Basics of SMS and App Marketing4.52K Learners2 hrsCompletion Certificate,2 hrs,4.5,Completion Certificate,https://www.simplilearn.com/learn-sms-marketing-app-marketing-free-course-skillup
Introduction to Paid Media Marketing4.55.5K Learners11 hrsCompletion Certificate,11 hrs,4.5,Completion Certificate,https://www.simplilearn.com/learn-basics-of-paid-media-marketing-free-course-skillup
Introduction to Spark AR Course by Meta4.52.5K Learners2 hrsCompletion CertificateEarn up to $145K,2 hrs,4.5,Completion CertificateEarn up to $145K,https://www.simplilearn.com/learn-spark-augmented-reality-free-course-skillup
Instagram Marketing Basics Course4.45K Learners1 hrsCompletion Certificate,1 hrs,4.4,Completion Certificate,https://www.simplilearn.com/free-instagram-marketing-basics-course-skillup
Introduction to Blogging Basics Course4.23.5K Learners2 hrsCompletion Certificate,2 hrs,4.2,Completion Certificate,https://www.simplilearn.com/free-blogging-basics-online-course-skillup
Introduction to Digital Marketing Fundamentals Course4.542.5K Learners5 hrsCompletion CertificateEarn up to $80185,5 hrs,4.5,Completion CertificateEarn up to $80185,https://www.simplilearn.com/free-digital-marketing-basics-course-skillup
Digital Marketing 101: Digital Marketer Beginner's Guide4.67K Learners1 hrsCompletion Certificate,1 hrs,4.6,Completion Certificate,https://www.simplilearn.com/free-digital-marketing-beginners-course-skillup
Youtube Marketing 101: Beginnerâs guide to Youtube Advertising4.61.5K Learners1 hrsCompletion Certificate,1 hrs,4.6,Completion Certificate,https://www.simplilearn.com/free-youtube-ads-course-skillup
Content Marketing Strategy 101: Guide to become a Content Strategist4.53.5K Learners1 hrsCompletion Certificate,1 hrs,4.5,Completion Certificate,https://www.simplilearn.com/free-content-marketing-strategy-course-skillup
Canva For Beginners: Use Canva to design Web Pages and Posters4.39K Learners1 hrsCompletion Certificate,1 hrs,4.3,Completion Certificate,https://www.simplilearn.com/free-canva-course-skillup
"Become a Content Manager: Introduction to WordPress4.53K Learners1 hrsCompletion CertificateEarn up to $106,115",1 hrs,4.5,"Completion CertificateEarn up to $106,115",https://www.simplilearn.com/free-wordpress-course-beginners-skillup
"Boost your Marketing Skills: Introduction to YouTube SEO4.51.5K Learners1 hrsCompletion CertificateEarn up to $153,376",1 hrs,4.5,"Completion CertificateEarn up to $153,376",https://www.simplilearn.com/free-youtube-seo-course-skillup
"Boost your Marketing Insights: Fundamentals of Google Tag Manager4.51 hrsCompletion CertificateEarn up to $153,376",1 hrs,4.5,"Completion CertificateEarn up to $153,376",https://www.simplilearn.com/free-google-tag-manager-course-skillup
"Boost your Marketing Skills: Fundamentals of Mailchimp4.51 hrsCompletion CertificateEarn up to $153,376",1 hrs,4.5,"Completion CertificateEarn up to $153,376",https://www.simplilearn.com/free-mailchimp-course-beginners-skillup
"Introduction to Website Conversion Rate Optimization4.53 hrsCompletion CertificateEarn up to $109,567",3 hrs,4.5,"Completion CertificateEarn up to $109,567",https://www.simplilearn.com/free-conversion-rate-optimization-course-skillup
"Introduction to Search Engine Optimization (SEO)4.67.5K Learners3 hrsCompletion CertificateEarn up to $109,573a",3 hrs,4.6,"Completion CertificateEarn up to $109,573a",https://www.simplilearn.com/free-advanced-seo-course-skillup
Introduction to Web Analytics4.74 hrsCompletion Certificate,4 hrs,4.7,Completion Certificate,https://www.simplilearn.com/free-web-analytics-course-skillup
"Keyword Research Fundamentals4.61 hrsCompletion CertificateEarn up to $113,090",1 hrs,4.6,"Completion CertificateEarn up to $113,090",https://www.simplilearn.com/free-keyword-research-course-skillup
"Introduction to E-Commerce Listing4.52 hrsCompletion CertificateEarn up to $113,090",2 hrs,4.5,"Completion CertificateEarn up to $113,090",https://www.simplilearn.com/free-ecommerce-listing-course-skillup
"Digital Literacy 1015.00 hrsCompletion CertificateEarn up to $123,558",0 hrs,5.0,"Completion CertificateEarn up to $123,558",https://www.simplilearn.com/free-digital-literacy-skills-course-skillup
